<?xml version = '1.0' encoding = 'UTF-8'?>
<relationalModel class="oracle.dbtools.crest.model.design.relational.RelationalDesign" name="Relational_1" id="024B43A8-8E5E-0DBA-2151-6939F59CC228" mainViewID="135E9B62-8AEB-AB72-B124-40F97D79AE1D">
<createdBy>sd</createdBy>
<createdTime>2024-09-09 23:34:34 UTC</createdTime>
<ownerDesignName>Exp2_S5_Grupo4..</ownerDesignName>
<shouldBeOpen>false</shouldBeOpen>
<selectedRDBMSSite>32076570-2523-435C-2E92-BF29817DFF70</selectedRDBMSSite>
</relationalModel>