<?xml version = '1.0' encoding = 'UTF-8'?>
<Table class="oracle.dbtools.crest.model.design.relational.Table" directorySegmentName="seg_0" id="3129E12D-00E6-BB56-21B4-915AC2F05530" name="Relacion5">
<createdBy>sd</createdBy>
<createdTime>2024-09-09 23:55:35 UTC</createdTime>
<ownerDesignName>Exp2_S5_Grupo4..</ownerDesignName>
<allowColumnReorder>false</allowColumnReorder>
<existDependencyGenerateInDDl>true</existDependencyGenerateInDDl>
<parsed>true</parsed>
<columns itemClass="oracle.dbtools.crest.model.design.relational.Column">
<Column name="Detalle_de_servicio_Detalle_de_servicio_ID" id="455D5244-1DF9-EDEA-951E-A8737A9285F8">
<createdBy>sd</createdBy>
<createdTime>2024-09-09 23:55:35 UTC</createdTime>
<ownerDesignName>Exp2_S5_Grupo4..</ownerDesignName>
<useDomainConstraints>false</useDomainConstraints>
<use>1</use>
<logicalDatatype>LOGDT019</logicalDatatype>
<ownDataTypeParameters>,,</ownDataTypeParameters>
<previousColumn>false</previousColumn>
<autoIncrementCycle>false</autoIncrementCycle>
<associations>
<colAssociation fkAssociation="F8137EFC-22E7-B62F-0BC4-03057FFF5D5E" referredColumn="75000FF0-33EC-3C3B-D57C-EEF7A9E5E194"/>
</associations>
</Column>
<Column name="Repuesto_Id_repuesto" id="C97DF18D-7EC2-575E-8A2D-E6BB6543A301">
<createdBy>sd</createdBy>
<createdTime>2024-09-09 23:55:35 UTC</createdTime>
<ownerDesignName>Exp2_S5_Grupo4..</ownerDesignName>
<useDomainConstraints>false</useDomainConstraints>
<use>1</use>
<logicalDatatype>LOGDT024</logicalDatatype>
<dataTypeSize>100 CHAR</dataTypeSize>
<ownDataTypeParameters>,,</ownDataTypeParameters>
<previousColumn>false</previousColumn>
<autoIncrementCycle>false</autoIncrementCycle>
<associations>
<colAssociation fkAssociation="23EDB2A7-30DA-96C8-7AD5-93A853146BA1" referredColumn="B4C7CD91-6D82-FB01-AD0B-773883ADE8DB"/>
</associations>
</Column>
</columns>
<indexes itemClass="oracle.dbtools.crest.model.design.relational.Index">
<ind_PK_UK id="EB9ED8DC-D185-4C26-D884-263C3FF0B75A" name="Relacion5_PK">
<createdBy>sd</createdBy>
<createdTime>2024-09-09 23:55:35 UTC</createdTime>
<ownerDesignName>Exp2_S5_Grupo4..</ownerDesignName>
<pk>true</pk>
<indexState>Primary Constraint</indexState>
<isSurrogateKey>false</isSurrogateKey>
<indexColumnUsage>
<colUsage columnID="455D5244-1DF9-EDEA-951E-A8737A9285F8"/>
<colUsage columnID="C97DF18D-7EC2-575E-8A2D-E6BB6543A301"/>
</indexColumnUsage>
</ind_PK_UK>
<ind_PK_UK id="F07BD091-1026-08F7-EB4B-01F3FEDA2D69" name="Relacion5_Detalle_de_servicio_FK">
<createdBy>sd</createdBy>
<createdTime>2024-09-09 23:55:35 UTC</createdTime>
<generatorID>6B12EF38-4E83-7BD4-ED3F-21F84CFCA8C3</generatorID>
<ownerDesignName>Exp2_S5_Grupo4..</ownerDesignName>
<indexState>Foreign Key</indexState>
<isSurrogateKey>false</isSurrogateKey>
<indexColumnUsage>
<colUsage columnID="455D5244-1DF9-EDEA-951E-A8737A9285F8"/>
</indexColumnUsage>
</ind_PK_UK>
<ind_PK_UK id="BE490F4B-83B6-6987-82DA-967E4A7CF4DB" name="Relacion5_Repuesto_FK">
<createdBy>sd</createdBy>
<createdTime>2024-09-09 23:55:35 UTC</createdTime>
<generatorID>6B12EF38-4E83-7BD4-ED3F-21F84CFCA8C3</generatorID>
<ownerDesignName>Exp2_S5_Grupo4..</ownerDesignName>
<indexState>Foreign Key</indexState>
<isSurrogateKey>false</isSurrogateKey>
<indexColumnUsage>
<colUsage columnID="C97DF18D-7EC2-575E-8A2D-E6BB6543A301"/>
</indexColumnUsage>
</ind_PK_UK>
</indexes>
</Table>