<?xml version = '1.0' encoding = 'UTF-8'?>
<Table class="oracle.dbtools.crest.model.design.relational.Table" directorySegmentName="seg_0" id="45503632-378D-863B-6E48-997CA4CF4274" name="Relacion4">
<createdBy>sd</createdBy>
<createdTime>2024-09-09 23:55:35 UTC</createdTime>
<ownerDesignName>Exp2_S5_Grupo4..</ownerDesignName>
<allowColumnReorder>false</allowColumnReorder>
<existDependencyGenerateInDDl>true</existDependencyGenerateInDDl>
<parsed>true</parsed>
<columns itemClass="oracle.dbtools.crest.model.design.relational.Column">
<Column name="Detalle_de_servicio_Detalle_de_servicio_ID" id="C3FDBBD8-451A-0B8D-4800-0B18DB835F10">
<createdBy>sd</createdBy>
<createdTime>2024-09-09 23:55:35 UTC</createdTime>
<ownerDesignName>Exp2_S5_Grupo4..</ownerDesignName>
<useDomainConstraints>false</useDomainConstraints>
<use>1</use>
<logicalDatatype>LOGDT019</logicalDatatype>
<ownDataTypeParameters>,,</ownDataTypeParameters>
<previousColumn>false</previousColumn>
<autoIncrementCycle>false</autoIncrementCycle>
<associations>
<colAssociation fkAssociation="0369BFB1-EBB4-B987-B487-4F7A59B292D7" referredColumn="75000FF0-33EC-3C3B-D57C-EEF7A9E5E194"/>
</associations>
</Column>
<Column name="Servicio_Id_servicio" id="72F0BBDF-5BC2-F99B-7D08-E1BCCBA2C17A">
<createdBy>sd</createdBy>
<createdTime>2024-09-09 23:55:35 UTC</createdTime>
<ownerDesignName>Exp2_S5_Grupo4..</ownerDesignName>
<useDomainConstraints>false</useDomainConstraints>
<use>1</use>
<logicalDatatype>LOGDT024</logicalDatatype>
<dataTypeSize>100 CHAR</dataTypeSize>
<ownDataTypeParameters>,,</ownDataTypeParameters>
<previousColumn>false</previousColumn>
<autoIncrementCycle>false</autoIncrementCycle>
<associations>
<colAssociation fkAssociation="4D34DEF3-A63A-915E-0320-E1E04C00A318" referredColumn="618CB6A0-63A5-1573-E18E-DE1E9706EA5E"/>
</associations>
</Column>
</columns>
<indexes itemClass="oracle.dbtools.crest.model.design.relational.Index">
<ind_PK_UK id="631E047A-3D0F-97B0-D1FC-1224B2D94723" name="Relacion4_PK">
<createdBy>sd</createdBy>
<createdTime>2024-09-09 23:55:35 UTC</createdTime>
<ownerDesignName>Exp2_S5_Grupo4..</ownerDesignName>
<pk>true</pk>
<indexState>Primary Constraint</indexState>
<isSurrogateKey>false</isSurrogateKey>
<indexColumnUsage>
<colUsage columnID="C3FDBBD8-451A-0B8D-4800-0B18DB835F10"/>
<colUsage columnID="72F0BBDF-5BC2-F99B-7D08-E1BCCBA2C17A"/>
</indexColumnUsage>
</ind_PK_UK>
<ind_PK_UK id="9960C60A-4176-FD7F-52FC-C8CBF413132A" name="Relacion4_Detalle_de_servicio_FK">
<createdBy>sd</createdBy>
<createdTime>2024-09-09 23:55:35 UTC</createdTime>
<generatorID>F031C9F7-F509-2B48-D65C-DB66C5924B62</generatorID>
<ownerDesignName>Exp2_S5_Grupo4..</ownerDesignName>
<indexState>Foreign Key</indexState>
<isSurrogateKey>false</isSurrogateKey>
<indexColumnUsage>
<colUsage columnID="C3FDBBD8-451A-0B8D-4800-0B18DB835F10"/>
</indexColumnUsage>
</ind_PK_UK>
<ind_PK_UK id="E06A4FA0-F888-2760-EECF-1964885171A3" name="Relacion4_Servicio_FK">
<createdBy>sd</createdBy>
<createdTime>2024-09-09 23:55:35 UTC</createdTime>
<generatorID>F031C9F7-F509-2B48-D65C-DB66C5924B62</generatorID>
<ownerDesignName>Exp2_S5_Grupo4..</ownerDesignName>
<indexState>Foreign Key</indexState>
<isSurrogateKey>false</isSurrogateKey>
<indexColumnUsage>
<colUsage columnID="72F0BBDF-5BC2-F99B-7D08-E1BCCBA2C17A"/>
</indexColumnUsage>
</ind_PK_UK>
</indexes>
</Table>