<?xml version = '1.0' encoding = 'UTF-8'?>
<Table class="oracle.dbtools.crest.model.design.relational.Table" directorySegmentName="seg_0" id="B6918C05-3BD1-03DA-91A7-9B8D3C0E2EBC" name="Servicio">
<createdBy>sd</createdBy>
<createdTime>2024-09-09 23:55:35 UTC</createdTime>
<generatorID>469C570A-C552-0A41-5CA9-56540A2882D4</generatorID>
<ownerDesignName>Exp2_S5_Grupo4..</ownerDesignName>
<allowColumnReorder>false</allowColumnReorder>
<existDependencyGenerateInDDl>true</existDependencyGenerateInDDl>
<parsed>true</parsed>
<columns itemClass="oracle.dbtools.crest.model.design.relational.Column">
<Column name="Id_servicio" id="618CB6A0-63A5-1573-E18E-DE1E9706EA5E">
<createdBy>sd</createdBy>
<createdTime>2024-09-09 23:55:35 UTC</createdTime>
<generatorID>B465DD55-DACE-E620-5D30-AEF6BC5D409D</generatorID>
<ownerDesignName>Exp2_S5_Grupo4..</ownerDesignName>
<useDomainConstraints>false</useDomainConstraints>
<use>1</use>
<logicalDatatype>LOGDT024</logicalDatatype>
<dataTypeSize>100 CHAR</dataTypeSize>
<ownDataTypeParameters>100 CHAR,,</ownDataTypeParameters>
<autoIncrementCycle>false</autoIncrementCycle>
</Column>
<Column name="Descripcion_servicio" id="96AF4599-853B-7A23-77F7-21F383010A91">
<createdBy>sd</createdBy>
<createdTime>2024-09-09 23:55:35 UTC</createdTime>
<generatorID>909A4DA5-4425-7F91-3CFF-932B976A0F90</generatorID>
<ownerDesignName>Exp2_S5_Grupo4..</ownerDesignName>
<nullsAllowed>true</nullsAllowed>
<useDomainConstraints>false</useDomainConstraints>
<use>1</use>
<logicalDatatype>LOGDT024</logicalDatatype>
<dataTypeSize>100 CHAR</dataTypeSize>
<ownDataTypeParameters>100 CHAR,,</ownDataTypeParameters>
<autoIncrementCycle>false</autoIncrementCycle>
</Column>
<Column name="Costo" id="24D41DC6-A0CA-3A4B-3328-1C81BD7D39E9">
<createdBy>sd</createdBy>
<createdTime>2024-09-09 23:55:35 UTC</createdTime>
<generatorID>B83D1EC3-8700-1C7C-6249-E9857846CFA0</generatorID>
<ownerDesignName>Exp2_S5_Grupo4..</ownerDesignName>
<nullsAllowed>true</nullsAllowed>
<useDomainConstraints>false</useDomainConstraints>
<use>1</use>
<logicalDatatype>LOGDT019</logicalDatatype>
<ownDataTypeParameters>,,</ownDataTypeParameters>
<autoIncrementCycle>false</autoIncrementCycle>
</Column>
<Column name="Orden_de_atencion_Id_orden" id="3A890BD6-296C-7937-80A9-F66E0FE9FF8D">
<createdBy>sd</createdBy>
<createdTime>2024-09-09 23:55:35 UTC</createdTime>
<generatorID>B6449C75-5FF1-AF17-FFAD-0726EBDA7F4B</generatorID>
<ownerDesignName>Exp2_S5_Grupo4..</ownerDesignName>
<useDomainConstraints>false</useDomainConstraints>
<use>1</use>
<logicalDatatype>LOGDT024</logicalDatatype>
<dataTypeSize>100 CHAR</dataTypeSize>
<ownDataTypeParameters>,,</ownDataTypeParameters>
<previousColumn>false</previousColumn>
<autoIncrementCycle>false</autoIncrementCycle>
<associations>
<colAssociation fkAssociation="B6D1207D-D5E8-D48F-41DF-2C0F9A3FAA27" referredColumn="F05CEB62-1751-3D3A-4198-F4B82918818D"/>
</associations>
</Column>
</columns>
<indexes itemClass="oracle.dbtools.crest.model.design.relational.Index">
<ind_PK_UK id="94E19C0D-E3DE-88D7-E273-3A33A56165AF" name="Servicio_PK">
<createdBy>sd</createdBy>
<createdTime>2024-09-09 23:55:35 UTC</createdTime>
<generatorID>C034FD2D-FE26-8AFC-75FC-5ED0EFF762A7</generatorID>
<ownerDesignName>Exp2_S5_Grupo4..</ownerDesignName>
<pk>true</pk>
<indexState>Primary Constraint</indexState>
<isSurrogateKey>false</isSurrogateKey>
<indexColumnUsage>
<colUsage columnID="618CB6A0-63A5-1573-E18E-DE1E9706EA5E"/>
</indexColumnUsage>
</ind_PK_UK>
<ind_PK_UK id="7B26C48F-08A8-F058-F8A1-170C5B643F81" name="Servicio_Orden_de_atencion_FK">
<createdBy>sd</createdBy>
<createdTime>2024-09-09 23:55:35 UTC</createdTime>
<generatorID>0EDC30E3-FFB6-7124-0328-B9C7AFF460F2</generatorID>
<ownerDesignName>Exp2_S5_Grupo4..</ownerDesignName>
<indexState>Foreign Key</indexState>
<isSurrogateKey>false</isSurrogateKey>
<indexColumnUsage>
<colUsage columnID="3A890BD6-296C-7937-80A9-F66E0FE9FF8D"/>
</indexColumnUsage>
</ind_PK_UK>
</indexes>
</Table>