<?xml version = '1.0' encoding = 'UTF-8'?>
<Table class="oracle.dbtools.crest.model.design.relational.Table" directorySegmentName="seg_0" id="C7F32407-9EAC-63EC-C3DE-8D01CFE7ABF6" name="Detalle_de_servicio">
<createdBy>sd</createdBy>
<createdTime>2024-09-09 23:55:35 UTC</createdTime>
<generatorID>71462510-AF64-04B3-B1F4-37B8C9FE479F</generatorID>
<ownerDesignName>Exp2_S5_Grupo4..</ownerDesignName>
<allowColumnReorder>false</allowColumnReorder>
<existDependencyGenerateInDDl>true</existDependencyGenerateInDDl>
<parsed>true</parsed>
<columns itemClass="oracle.dbtools.crest.model.design.relational.Column">
<Column name="Cantidad_Repuesto" id="FC414497-8176-00EF-FEDA-16C9ACA744BD">
<createdBy>sd</createdBy>
<createdTime>2024-09-09 23:55:35 UTC</createdTime>
<generatorID>7B160A40-F64A-71BD-3186-F915378AD9AA</generatorID>
<ownerDesignName>Exp2_S5_Grupo4..</ownerDesignName>
<nullsAllowed>true</nullsAllowed>
<use>0</use>
<ownDataTypeParameters>,,</ownDataTypeParameters>
<autoIncrementCycle>false</autoIncrementCycle>
</Column>
<Column name="Detalle_de_servicio_ID" id="75000FF0-33EC-3C3B-D57C-EEF7A9E5E194">
<createdBy>sd</createdBy>
<createdTime>2024-09-09 23:55:35 UTC</createdTime>
<ownerDesignName>Exp2_S5_Grupo4..</ownerDesignName>
<useDomainConstraints>false</useDomainConstraints>
<use>1</use>
<logicalDatatype>LOGDT019</logicalDatatype>
<ownDataTypeParameters>,,</ownDataTypeParameters>
<autoIncrementColumn>true</autoIncrementColumn>
<identityColumn>true</identityColumn>
<autoIncrementCycle>false</autoIncrementCycle>
<isSurrogateColumn>true</isSurrogateColumn>
</Column>
</columns>
<indexes itemClass="oracle.dbtools.crest.model.design.relational.Index">
<ind_PK_UK id="1A26914A-AFB4-9B33-5099-C54E092CF738" name="Detalle_de_servicio_PK">
<createdBy>sd</createdBy>
<createdTime>2024-09-09 23:55:35 UTC</createdTime>
<ownerDesignName>Exp2_S5_Grupo4..</ownerDesignName>
<pk>true</pk>
<indexState>Primary Constraint</indexState>
<indexColumnUsage>
<colUsage columnID="75000FF0-33EC-3C3B-D57C-EEF7A9E5E194"/>
</indexColumnUsage>
</ind_PK_UK>
</indexes>
</Table>