<?xml version = '1.0' encoding = 'UTF-8'?>
<Table class="oracle.dbtools.crest.model.design.relational.Table" directorySegmentName="seg_0" id="E77B057A-060D-EBCA-6D88-A7FA6DDAE2C3" name="Vehiculo">
<createdBy>sd</createdBy>
<createdTime>2024-09-09 23:55:35 UTC</createdTime>
<generatorID>A3829F5C-EDDB-B6BD-C56E-B54C10D18407</generatorID>
<ownerDesignName>Exp2_S5_Grupo4..</ownerDesignName>
<allowColumnReorder>false</allowColumnReorder>
<existDependencyGenerateInDDl>true</existDependencyGenerateInDDl>
<parsed>true</parsed>
<columns itemClass="oracle.dbtools.crest.model.design.relational.Column">
<Column name="patente" id="5954CD40-76BE-8CBA-1C05-B059CD4F0BE6">
<createdBy>sd</createdBy>
<createdTime>2024-09-09 23:55:35 UTC</createdTime>
<generatorID>825E946F-6D40-944E-A1E2-F93A48BA3E29</generatorID>
<ownerDesignName>Exp2_S5_Grupo4..</ownerDesignName>
<useDomainConstraints>false</useDomainConstraints>
<use>1</use>
<logicalDatatype>LOGDT024</logicalDatatype>
<dataTypeSize>20 CHAR</dataTypeSize>
<ownDataTypeParameters>20 CHAR,,</ownDataTypeParameters>
<autoIncrementCycle>false</autoIncrementCycle>
</Column>
<Column name="Marca" id="0C3DBFC9-94F1-DF55-1D1D-587B44832AE7">
<createdBy>sd</createdBy>
<createdTime>2024-09-09 23:55:35 UTC</createdTime>
<generatorID>0093D284-7C7A-62B0-A660-D0FFF61B90CF</generatorID>
<ownerDesignName>Exp2_S5_Grupo4..</ownerDesignName>
<nullsAllowed>true</nullsAllowed>
<useDomainConstraints>false</useDomainConstraints>
<use>1</use>
<logicalDatatype>LOGDT024</logicalDatatype>
<dataTypeSize>100 CHAR</dataTypeSize>
<ownDataTypeParameters>100 CHAR,,</ownDataTypeParameters>
<autoIncrementCycle>false</autoIncrementCycle>
</Column>
<Column name="Modelo" id="A89A2A66-08E0-F18E-7EF0-3E3565197565">
<createdBy>sd</createdBy>
<createdTime>2024-09-09 23:55:35 UTC</createdTime>
<generatorID>047F9346-7998-7141-D934-4E0D15CBB8F6</generatorID>
<ownerDesignName>Exp2_S5_Grupo4..</ownerDesignName>
<nullsAllowed>true</nullsAllowed>
<useDomainConstraints>false</useDomainConstraints>
<use>1</use>
<logicalDatatype>LOGDT024</logicalDatatype>
<dataTypeSize>100 CHAR</dataTypeSize>
<ownDataTypeParameters>100 CHAR,,</ownDataTypeParameters>
<autoIncrementCycle>false</autoIncrementCycle>
</Column>
<Column name="año" id="2123AB96-F46F-77B7-4055-7FC3845B2B0D">
<createdBy>sd</createdBy>
<createdTime>2024-09-09 23:55:35 UTC</createdTime>
<generatorID>F69C5D21-3FE3-F9AD-8912-1B866CA3783D</generatorID>
<ownerDesignName>Exp2_S5_Grupo4..</ownerDesignName>
<nullsAllowed>true</nullsAllowed>
<useDomainConstraints>false</useDomainConstraints>
<use>1</use>
<logicalDatatype>LOGDT019</logicalDatatype>
<ownDataTypeParameters>,,</ownDataTypeParameters>
<autoIncrementCycle>false</autoIncrementCycle>
</Column>
<Column name="Color" id="67155427-4DDF-C61A-EB44-4180ACC4232E">
<createdBy>sd</createdBy>
<createdTime>2024-09-09 23:55:35 UTC</createdTime>
<generatorID>3FD6BDF8-ABDF-4505-BE4D-CADB762B7860</generatorID>
<ownerDesignName>Exp2_S5_Grupo4..</ownerDesignName>
<nullsAllowed>true</nullsAllowed>
<useDomainConstraints>false</useDomainConstraints>
<use>1</use>
<logicalDatatype>LOGDT024</logicalDatatype>
<dataTypeSize>100 CHAR</dataTypeSize>
<ownDataTypeParameters>100 CHAR,,</ownDataTypeParameters>
<autoIncrementCycle>false</autoIncrementCycle>
</Column>
<Column name="Cliente_Rut" id="6BA0F270-1A34-A929-EB72-B4FF32FDD84F">
<createdBy>sd</createdBy>
<createdTime>2024-09-09 23:55:35 UTC</createdTime>
<generatorID>5C816675-DC82-EA56-48DF-A52661B493C7</generatorID>
<ownerDesignName>Exp2_S5_Grupo4..</ownerDesignName>
<useDomainConstraints>false</useDomainConstraints>
<use>1</use>
<logicalDatatype>LOGDT024</logicalDatatype>
<dataTypeSize>15 CHAR</dataTypeSize>
<ownDataTypeParameters>,,</ownDataTypeParameters>
<previousColumn>false</previousColumn>
<autoIncrementCycle>false</autoIncrementCycle>
<associations>
<colAssociation fkAssociation="E596ED6D-0250-4D03-179A-221F5B1A0D9D" referredColumn="43814004-EB19-99AC-1852-A93C8D68B19E"/>
</associations>
</Column>
</columns>
<indexes itemClass="oracle.dbtools.crest.model.design.relational.Index">
<ind_PK_UK id="20414F5E-E34A-681F-77E3-462E5CE0354F" name="Vehiculo_PK">
<createdBy>sd</createdBy>
<createdTime>2024-09-09 23:55:35 UTC</createdTime>
<generatorID>F2F4CEEA-39E8-9239-994D-AE3D7A714032</generatorID>
<ownerDesignName>Exp2_S5_Grupo4..</ownerDesignName>
<pk>true</pk>
<indexState>Primary Constraint</indexState>
<isSurrogateKey>false</isSurrogateKey>
<indexColumnUsage>
<colUsage columnID="5954CD40-76BE-8CBA-1C05-B059CD4F0BE6"/>
</indexColumnUsage>
</ind_PK_UK>
<ind_PK_UK id="7671C3DF-83E9-1B5A-9F23-C81686FE566E" name="Vehiculo_Cliente_FK">
<createdBy>sd</createdBy>
<createdTime>2024-09-09 23:55:35 UTC</createdTime>
<generatorID>0C5155FE-E04B-4AA9-1B01-F1268C1CA455</generatorID>
<ownerDesignName>Exp2_S5_Grupo4..</ownerDesignName>
<indexState>Foreign Key</indexState>
<isSurrogateKey>false</isSurrogateKey>
<indexColumnUsage>
<colUsage columnID="6BA0F270-1A34-A929-EB72-B4FF32FDD84F"/>
</indexColumnUsage>
</ind_PK_UK>
</indexes>
</Table>