<?xml version = '1.0' encoding = 'UTF-8'?>
<Diagram class="oracle.dbtools.crest.swingui.logical.DPVLogical" name="Logical" id="5C5B7A73-A86B-E7FF-5394-52331F940C46">
<createdBy>sd</createdBy>
<modifiedBy>sd</modifiedBy>
<createdTime>2024-09-09 23:37:30 UTC</createdTime>
<autoRoute>false</autoRoute>
<boxInbox>true</boxInbox>
<showLegend>false</showLegend>
<showLabels>false</showLabels>
<showRelAttributes>false</showRelAttributes>
<gridEnabled>false</gridEnabled>
<showGrid>false</showGrid>
<diagramColor>-1</diagramColor>
<display>false</display>
<notation>1</notation>
<objectViews>
<OView class="oracle.dbtools.crest.swingui.logical.TVEntity" oid="275463B8-DD39-9681-3E95-08F8C9366868" otype="Entity" vid="D6E24087-4E2D-B842-D382-3AA3BC285857">
<hideElementsInCurrentOnly>false</hideElementsInCurrentOnly>
<bounds x="40" y="30" width="118" height="97"/>
</OView>
<OView class="oracle.dbtools.crest.swingui.logical.TVEntity" oid="469C570A-C552-0A41-5CA9-56540A2882D4" otype="Entity" vid="85212953-2132-125F-143F-1447FABB456A">
<hideElementsInCurrentOnly>false</hideElementsInCurrentOnly>
<bounds x="430" y="200" width="103" height="96"/>
</OView>
<OView class="oracle.dbtools.crest.swingui.logical.TVEntity" oid="71462510-AF64-04B3-B1F4-37B8C9FE479F" otype="Entity" vid="C6BE17AE-8AF9-6AB9-E2BD-3D749EAD40B4">
<hideElementsInCurrentOnly>false</hideElementsInCurrentOnly>
<bounds x="241" y="175" width="122" height="117"/>
</OView>
<OView class="oracle.dbtools.crest.swingui.logical.TVEntity" oid="A3829F5C-EDDB-B6BD-C56E-B54C10D18407" otype="Entity" vid="B8BE8BE2-9065-60E5-72B3-1F3658A2CF71">
<hideElementsInCurrentOnly>false</hideElementsInCurrentOnly>
<bounds x="208" y="27" width="101" height="114"/>
</OView>
<OView class="oracle.dbtools.crest.swingui.logical.TVEntity" oid="A91AE80E-7DD2-3F1A-D681-BDC4035ACD81" otype="Entity" vid="5989B804-8BC4-EE4E-7810-BF37AD05AF38">
<hideElementsInCurrentOnly>false</hideElementsInCurrentOnly>
<bounds x="27" y="186" width="120" height="87"/>
</OView>
<OView class="oracle.dbtools.crest.swingui.logical.TVEntity" oid="E7290FB1-7267-3D10-A234-DDE593F9C865" otype="Entity" vid="4E22AB40-1378-2EB4-C01E-B4ADE281BA32">
<hideElementsInCurrentOnly>false</hideElementsInCurrentOnly>
<bounds x="404" y="21" width="124" height="118"/>
</OView>
</objectViews>
<connectors>
<Connector class="oracle.dbtools.crest.swingui.logical.TVRelation" oid="0C5155FE-E04B-4AA9-1B01-F1268C1CA455" otype="Relation" vid_source="D6E24087-4E2D-B842-D382-3AA3BC285857" vid_target="B8BE8BE2-9065-60E5-72B3-1F3658A2CF71">
<hideElementsInCurrentOnly>false</hideElementsInCurrentOnly>
<backgroundColor>-16777216</backgroundColor>
<lineWidth>1</lineWidth>
<points>
<point x="158" y="78"/>
<point x="208" y="78"/>
</points>
</Connector>
<Connector class="oracle.dbtools.crest.swingui.logical.TVRelation" oid="0EDC30E3-FFB6-7124-0328-B9C7AFF460F2" otype="Relation" vid_source="4E22AB40-1378-2EB4-C01E-B4ADE281BA32" vid_target="85212953-2132-125F-143F-1447FABB456A">
<hideElementsInCurrentOnly>false</hideElementsInCurrentOnly>
<backgroundColor>-16777216</backgroundColor>
<lineWidth>1</lineWidth>
<points>
<point x="479" y="139"/>
<point x="479" y="200"/>
</points>
</Connector>
<Connector class="oracle.dbtools.crest.swingui.logical.TVRelation" oid="5DDBDB85-CC93-FD4B-4952-01CB349CB46D" otype="Relation" vid_source="B8BE8BE2-9065-60E5-72B3-1F3658A2CF71" vid_target="4E22AB40-1378-2EB4-C01E-B4ADE281BA32">
<hideElementsInCurrentOnly>false</hideElementsInCurrentOnly>
<backgroundColor>-16777216</backgroundColor>
<lineWidth>1</lineWidth>
<points>
<point x="309" y="83"/>
<point x="404" y="83"/>
</points>
</Connector>
<Connector class="oracle.dbtools.crest.swingui.logical.TVRelation" oid="6B12EF38-4E83-7BD4-ED3F-21F84CFCA8C3" otype="Relation" vid_source="C6BE17AE-8AF9-6AB9-E2BD-3D749EAD40B4" vid_target="5989B804-8BC4-EE4E-7810-BF37AD05AF38">
<hideElementsInCurrentOnly>false</hideElementsInCurrentOnly>
<backgroundColor>-16777216</backgroundColor>
<lineWidth>1</lineWidth>
<points>
<point x="241" y="229"/>
<point x="147" y="229"/>
</points>
</Connector>
<Connector class="oracle.dbtools.crest.swingui.logical.TVRelation" oid="F031C9F7-F509-2B48-D65C-DB66C5924B62" otype="Relation" vid_source="C6BE17AE-8AF9-6AB9-E2BD-3D749EAD40B4" vid_target="85212953-2132-125F-143F-1447FABB456A">
<hideElementsInCurrentOnly>false</hideElementsInCurrentOnly>
<backgroundColor>-16777216</backgroundColor>
<lineWidth>1</lineWidth>
<points>
<point x="363" y="246"/>
<point x="430" y="246"/>
</points>
</Connector>
</connectors>
</Diagram>