<?xml version = '1.0' encoding = 'UTF-8'?>
<Entity class="oracle.dbtools.crest.model.design.logical.Entity" directorySegmentName="seg_0" id="A3829F5C-EDDB-B6BD-C56E-B54C10D18407" name="Vehiculo">
<createdBy>sd</createdBy>
<createdTime>2024-09-09 23:40:33 UTC</createdTime>
<ownerDesignName>Exp2_S5_Grupo4..</ownerDesignName>
<engineerTo>
<item key="024B43A8-8E5E-0DBA-2151-6939F59CC228" value="true"/>
</engineerTo>
<adequatelyNormalized>NO</adequatelyNormalized>
<expectedVolumes>0</expectedVolumes>
<fwdEngineeringStrategyName>Single Table</fwdEngineeringStrategyName>
<growthPercent>0</growthPercent>
<growthType>Year</growthType>
<maxVolumes>9999999</maxVolumes>
<minVolumes>0</minVolumes>
<normalForm>Third</normalForm>
<attributes itemClass="oracle.dbtools.crest.model.design.logical.Attribute">
<Attribute name="patente" id="825E946F-6D40-944E-A1E2-F93A48BA3E29">
<createdBy>sd</createdBy>
<createdTime>2024-09-09 23:40:58 UTC</createdTime>
<ownerDesignName>Exp2_S5_Grupo4..</ownerDesignName>
<engineerTo>
<item key="024B43A8-8E5E-0DBA-2151-6939F59CC228" value="true"/>
</engineerTo>
<useDomainConstraints>false</useDomainConstraints>
<use>1</use>
<logicalDatatype>LOGDT024</logicalDatatype>
<dataTypeSize>20 CHAR</dataTypeSize>
<ownDataTypeParameters>20 CHAR,,</ownDataTypeParameters>
</Attribute>
<Attribute name="Marca" id="0093D284-7C7A-62B0-A660-D0FFF61B90CF">
<createdBy>sd</createdBy>
<createdTime>2024-09-09 23:40:58 UTC</createdTime>
<ownerDesignName>Exp2_S5_Grupo4..</ownerDesignName>
<engineerTo>
<item key="024B43A8-8E5E-0DBA-2151-6939F59CC228" value="true"/>
</engineerTo>
<nullsAllowed>true</nullsAllowed>
<useDomainConstraints>false</useDomainConstraints>
<use>1</use>
<logicalDatatype>LOGDT024</logicalDatatype>
<dataTypeSize>100 CHAR</dataTypeSize>
<ownDataTypeParameters>100 CHAR,,</ownDataTypeParameters>
</Attribute>
<Attribute name="Modelo" id="047F9346-7998-7141-D934-4E0D15CBB8F6">
<createdBy>sd</createdBy>
<createdTime>2024-09-09 23:40:59 UTC</createdTime>
<ownerDesignName>Exp2_S5_Grupo4..</ownerDesignName>
<engineerTo>
<item key="024B43A8-8E5E-0DBA-2151-6939F59CC228" value="true"/>
</engineerTo>
<nullsAllowed>true</nullsAllowed>
<useDomainConstraints>false</useDomainConstraints>
<use>1</use>
<logicalDatatype>LOGDT024</logicalDatatype>
<dataTypeSize>100 CHAR</dataTypeSize>
<ownDataTypeParameters>100 CHAR,,</ownDataTypeParameters>
</Attribute>
<Attribute name="año" id="F69C5D21-3FE3-F9AD-8912-1B866CA3783D">
<createdBy>sd</createdBy>
<createdTime>2024-09-09 23:40:59 UTC</createdTime>
<ownerDesignName>Exp2_S5_Grupo4..</ownerDesignName>
<engineerTo>
<item key="024B43A8-8E5E-0DBA-2151-6939F59CC228" value="true"/>
</engineerTo>
<nullsAllowed>true</nullsAllowed>
<useDomainConstraints>false</useDomainConstraints>
<use>1</use>
<logicalDatatype>LOGDT019</logicalDatatype>
<ownDataTypeParameters>,,</ownDataTypeParameters>
</Attribute>
<Attribute name="Color" id="3FD6BDF8-ABDF-4505-BE4D-CADB762B7860">
<createdBy>sd</createdBy>
<createdTime>2024-09-09 23:40:59 UTC</createdTime>
<ownerDesignName>Exp2_S5_Grupo4..</ownerDesignName>
<engineerTo>
<item key="024B43A8-8E5E-0DBA-2151-6939F59CC228" value="true"/>
</engineerTo>
<nullsAllowed>true</nullsAllowed>
<useDomainConstraints>false</useDomainConstraints>
<use>1</use>
<logicalDatatype>LOGDT024</logicalDatatype>
<dataTypeSize>100 CHAR</dataTypeSize>
<ownDataTypeParameters>100 CHAR,,</ownDataTypeParameters>
</Attribute>
<Attribute name="Rut" id="5C816675-DC82-EA56-48DF-A52661B493C7">
<createdBy>sd</createdBy>
<createdTime>2024-09-09 23:51:13 UTC</createdTime>
<generatorID>0C5155FE-E04B-4AA9-1B01-F1268C1CA455</generatorID>
<ownerDesignName>Exp2_S5_Grupo4..</ownerDesignName>
<engineerTo>
<item key="024B43A8-8E5E-0DBA-2151-6939F59CC228" value="true"/>
</engineerTo>
<referedAttribute>1FDDA9E0-7843-0AB0-BC03-4B1B2EAF2B56</referedAttribute>
<useDomainConstraints>false</useDomainConstraints>
<use>1</use>
<logicalDatatype>LOGDT024</logicalDatatype>
<dataTypeSize>15 CHAR</dataTypeSize>
<ownDataTypeParameters>,,</ownDataTypeParameters>
</Attribute>
</attributes>
<identifiers itemClass="oracle.dbtools.crest.model.design.logical.CandidateKey">
<identifier id="F2F4CEEA-39E8-9239-994D-AE3D7A714032" name="Patente PK">
<createdBy>sd</createdBy>
<createdTime>2024-09-09 23:41:24 UTC</createdTime>
<ownerDesignName>Exp2_S5_Grupo4..</ownerDesignName>
<engineerTo>
<item key="024B43A8-8E5E-0DBA-2151-6939F59CC228" value="true"/>
</engineerTo>
<pk>true</pk>
<usedAttributes>
<attributeRef>825E946F-6D40-944E-A1E2-F93A48BA3E29</attributeRef>
</usedAttributes>
</identifier>
</identifiers>
</Entity>