<?xml version = '1.0' encoding = 'UTF-8'?>
<Entity class="oracle.dbtools.crest.model.design.logical.Entity" directorySegmentName="seg_0" id="A91AE80E-7DD2-3F1A-D681-BDC4035ACD81" name="Repuesto">
<createdBy>sd</createdBy>
<createdTime>2024-09-09 23:48:12 UTC</createdTime>
<ownerDesignName>Exp2_S5_Grupo4..</ownerDesignName>
<engineerTo>
<item key="024B43A8-8E5E-0DBA-2151-6939F59CC228" value="true"/>
</engineerTo>
<adequatelyNormalized>NO</adequatelyNormalized>
<expectedVolumes>0</expectedVolumes>
<fwdEngineeringStrategyName>Single Table</fwdEngineeringStrategyName>
<growthPercent>0</growthPercent>
<growthType>Year</growthType>
<maxVolumes>9999999</maxVolumes>
<minVolumes>0</minVolumes>
<normalForm>Third</normalForm>
<attributes itemClass="oracle.dbtools.crest.model.design.logical.Attribute">
<Attribute name="Id_repuesto" id="158D75E7-1E02-510A-E093-6131B128D867">
<createdBy>sd</createdBy>
<createdTime>2024-09-09 23:48:27 UTC</createdTime>
<ownerDesignName>Exp2_S5_Grupo4..</ownerDesignName>
<engineerTo>
<item key="024B43A8-8E5E-0DBA-2151-6939F59CC228" value="true"/>
</engineerTo>
<useDomainConstraints>false</useDomainConstraints>
<use>1</use>
<logicalDatatype>LOGDT024</logicalDatatype>
<dataTypeSize>100 CHAR</dataTypeSize>
<ownDataTypeParameters>100 CHAR,,</ownDataTypeParameters>
</Attribute>
<Attribute name="Nombre_Repuesto" id="20A688F4-3807-CA94-1F3D-837294033166">
<createdBy>sd</createdBy>
<createdTime>2024-09-09 23:48:27 UTC</createdTime>
<ownerDesignName>Exp2_S5_Grupo4..</ownerDesignName>
<engineerTo>
<item key="024B43A8-8E5E-0DBA-2151-6939F59CC228" value="true"/>
</engineerTo>
<nullsAllowed>true</nullsAllowed>
<useDomainConstraints>false</useDomainConstraints>
<use>1</use>
<logicalDatatype>LOGDT024</logicalDatatype>
<dataTypeSize>100 CHAR</dataTypeSize>
<ownDataTypeParameters>100 CHAR,,</ownDataTypeParameters>
</Attribute>
<Attribute name="Cantidad" id="4771C746-41A8-953A-A8F0-7C3429A91EA9">
<createdBy>sd</createdBy>
<createdTime>2024-09-09 23:48:28 UTC</createdTime>
<ownerDesignName>Exp2_S5_Grupo4..</ownerDesignName>
<engineerTo>
<item key="024B43A8-8E5E-0DBA-2151-6939F59CC228" value="true"/>
</engineerTo>
<nullsAllowed>true</nullsAllowed>
<useDomainConstraints>false</useDomainConstraints>
<use>1</use>
<logicalDatatype>LOGDT019</logicalDatatype>
<ownDataTypeParameters>,,</ownDataTypeParameters>
</Attribute>
<Attribute name="Costo_unitario" id="5C6CCB87-E90C-67C5-A536-A943DB309C35">
<createdBy>sd</createdBy>
<createdTime>2024-09-09 23:48:28 UTC</createdTime>
<ownerDesignName>Exp2_S5_Grupo4..</ownerDesignName>
<engineerTo>
<item key="024B43A8-8E5E-0DBA-2151-6939F59CC228" value="true"/>
</engineerTo>
<nullsAllowed>true</nullsAllowed>
<useDomainConstraints>false</useDomainConstraints>
<use>1</use>
<logicalDatatype>LOGDT019</logicalDatatype>
<ownDataTypeParameters>,,</ownDataTypeParameters>
</Attribute>
</attributes>
<identifiers itemClass="oracle.dbtools.crest.model.design.logical.CandidateKey">
<identifier id="795A05E1-5D4F-13D3-D518-301542C48860" name="Repuesto PK">
<createdBy>sd</createdBy>
<createdTime>2024-09-09 23:48:50 UTC</createdTime>
<ownerDesignName>Exp2_S5_Grupo4..</ownerDesignName>
<engineerTo>
<item key="024B43A8-8E5E-0DBA-2151-6939F59CC228" value="true"/>
</engineerTo>
<pk>true</pk>
<usedAttributes>
<attributeRef>158D75E7-1E02-510A-E093-6131B128D867</attributeRef>
</usedAttributes>
</identifier>
</identifiers>
</Entity>