<?xml version = '1.0' encoding = 'UTF-8'?>
<Entity class="oracle.dbtools.crest.model.design.logical.Entity" directorySegmentName="seg_0" id="E7290FB1-7267-3D10-A234-DDE593F9C865" name="Orden_de_atencion">
<createdBy>sd</createdBy>
<createdTime>2024-09-09 23:43:03 UTC</createdTime>
<ownerDesignName>Exp2_S5_Grupo4..</ownerDesignName>
<engineerTo>
<item key="024B43A8-8E5E-0DBA-2151-6939F59CC228" value="true"/>
</engineerTo>
<adequatelyNormalized>NO</adequatelyNormalized>
<expectedVolumes>0</expectedVolumes>
<fwdEngineeringStrategyName>Single Table</fwdEngineeringStrategyName>
<growthPercent>0</growthPercent>
<growthType>Year</growthType>
<maxVolumes>9999999</maxVolumes>
<minVolumes>0</minVolumes>
<normalForm>Third</normalForm>
<attributes itemClass="oracle.dbtools.crest.model.design.logical.Attribute">
<Attribute name="Id_orden" id="62ECDD34-A558-F4BA-BB24-2045593B863E">
<createdBy>sd</createdBy>
<createdTime>2024-09-09 23:43:25 UTC</createdTime>
<ownerDesignName>Exp2_S5_Grupo4..</ownerDesignName>
<engineerTo>
<item key="024B43A8-8E5E-0DBA-2151-6939F59CC228" value="true"/>
</engineerTo>
<useDomainConstraints>false</useDomainConstraints>
<use>1</use>
<logicalDatatype>LOGDT024</logicalDatatype>
<dataTypeSize>100 CHAR</dataTypeSize>
<ownDataTypeParameters>100 CHAR,,</ownDataTypeParameters>
</Attribute>
<Attribute name="Fecha_cr" id="DB12B335-4BB4-25CC-C116-51BEAA5322A4">
<createdBy>sd</createdBy>
<createdTime>2024-09-09 23:43:25 UTC</createdTime>
<ownerDesignName>Exp2_S5_Grupo4..</ownerDesignName>
<engineerTo>
<item key="024B43A8-8E5E-0DBA-2151-6939F59CC228" value="true"/>
</engineerTo>
<nullsAllowed>true</nullsAllowed>
<useDomainConstraints>false</useDomainConstraints>
<use>1</use>
<logicalDatatype>LOGDT007</logicalDatatype>
<ownDataTypeParameters>,,</ownDataTypeParameters>
</Attribute>
<Attribute name="Tipo_de_servicio" id="B1EB4E13-F2D6-D596-6712-2A35ECA2EDC2">
<createdBy>sd</createdBy>
<createdTime>2024-09-09 23:43:26 UTC</createdTime>
<ownerDesignName>Exp2_S5_Grupo4..</ownerDesignName>
<engineerTo>
<item key="024B43A8-8E5E-0DBA-2151-6939F59CC228" value="true"/>
</engineerTo>
<nullsAllowed>true</nullsAllowed>
<useDomainConstraints>false</useDomainConstraints>
<use>1</use>
<logicalDatatype>LOGDT024</logicalDatatype>
<dataTypeSize>100</dataTypeSize>
<ownDataTypeParameters>100,,</ownDataTypeParameters>
</Attribute>
<Attribute name="Estado_Vehiculo" id="8FFD9503-5FE4-9AB1-482F-C880E246EE3E">
<createdBy>sd</createdBy>
<createdTime>2024-09-09 23:43:26 UTC</createdTime>
<ownerDesignName>Exp2_S5_Grupo4..</ownerDesignName>
<engineerTo>
<item key="024B43A8-8E5E-0DBA-2151-6939F59CC228" value="true"/>
</engineerTo>
<nullsAllowed>true</nullsAllowed>
<useDomainConstraints>false</useDomainConstraints>
<use>1</use>
<logicalDatatype>LOGDT024</logicalDatatype>
<dataTypeSize>100 CHAR</dataTypeSize>
<ownDataTypeParameters>100 CHAR,,</ownDataTypeParameters>
</Attribute>
<Attribute name="Fecha_entrega" id="07084C36-650C-1CC7-B1C0-A23FF4D26D7C">
<createdBy>sd</createdBy>
<createdTime>2024-09-09 23:43:27 UTC</createdTime>
<ownerDesignName>Exp2_S5_Grupo4..</ownerDesignName>
<engineerTo>
<item key="024B43A8-8E5E-0DBA-2151-6939F59CC228" value="true"/>
</engineerTo>
<nullsAllowed>true</nullsAllowed>
<useDomainConstraints>false</useDomainConstraints>
<use>1</use>
<logicalDatatype>LOGDT007</logicalDatatype>
<ownDataTypeParameters>,,</ownDataTypeParameters>
</Attribute>
<Attribute name="patente" id="3654A608-8BE6-6240-B781-5B518238E5F7">
<createdBy>sd</createdBy>
<createdTime>2024-09-09 23:52:31 UTC</createdTime>
<generatorID>5DDBDB85-CC93-FD4B-4952-01CB349CB46D</generatorID>
<ownerDesignName>Exp2_S5_Grupo4..</ownerDesignName>
<engineerTo>
<item key="024B43A8-8E5E-0DBA-2151-6939F59CC228" value="true"/>
</engineerTo>
<referedAttribute>825E946F-6D40-944E-A1E2-F93A48BA3E29</referedAttribute>
<useDomainConstraints>false</useDomainConstraints>
<use>1</use>
<logicalDatatype>LOGDT024</logicalDatatype>
<dataTypeSize>20 CHAR</dataTypeSize>
<ownDataTypeParameters>,,</ownDataTypeParameters>
</Attribute>
</attributes>
<identifiers itemClass="oracle.dbtools.crest.model.design.logical.CandidateKey">
<identifier id="546D9CEF-CFC0-371F-8186-9CB1F1FBF6B8" name="Orden_de_atencion PK">
<createdBy>sd</createdBy>
<createdTime>2024-09-09 23:43:50 UTC</createdTime>
<ownerDesignName>Exp2_S5_Grupo4..</ownerDesignName>
<engineerTo>
<item key="024B43A8-8E5E-0DBA-2151-6939F59CC228" value="true"/>
</engineerTo>
<pk>true</pk>
<usedAttributes>
<attributeRef>62ECDD34-A558-F4BA-BB24-2045593B863E</attributeRef>
</usedAttributes>
</identifier>
</identifiers>
</Entity>