<?xml version = '1.0' encoding = 'UTF-8'?>
<FKIndexAssociation class="oracle.dbtools.crest.model.design.relational.FKIndexAssociation" directorySegmentName="seg_0" id="0369BFB1-EBB4-B987-B487-4F7A59B292D7" containerWithKeyObject="45503632-378D-863B-6E48-997CA4CF4274" localFKIndex="9960C60A-4176-FD7F-52FC-C8CBF413132A" name="Relacion4_Detalle_de_servicio_FK">
<createdBy>sd</createdBy>
<createdTime>2024-09-09 23:55:35 UTC</createdTime>
<generatorID>F031C9F7-F509-2B48-D65C-DB66C5924B62</generatorID>
<ownerDesignName>Exp2_S5_Grupo4..</ownerDesignName>
<referredTableLongName>Detalle_de_servicio</referredTableLongName>
<deleteRule>NO ACTION</deleteRule>
<referredTableID>C7F32407-9EAC-63EC-C3DE-8D01CFE7ABF6</referredTableID>
<keyObject>1A26914A-AFB4-9B33-5099-C54E092CF738</keyObject>
<referredKeyID>1A26914A-AFB4-9B33-5099-C54E092CF738</referredKeyID>
<mandatory>true</mandatory>
<refColNames>Detalle_de_servicio_ID</refColNames>
<transferable>true</transferable>
<rely>false</rely>
<columnDependencyConstraintGenerateInDDL>true</columnDependencyConstraintGenerateInDDL>
</FKIndexAssociation>