<?xml version = '1.0' encoding = 'UTF-8'?>
<FKIndexAssociation class="oracle.dbtools.crest.model.design.relational.FKIndexAssociation" directorySegmentName="seg_0" id="23EDB2A7-30DA-96C8-7AD5-93A853146BA1" containerWithKeyObject="3129E12D-00E6-BB56-21B4-915AC2F05530" localFKIndex="BE490F4B-83B6-6987-82DA-967E4A7CF4DB" name="Relacion5_Repuesto_FK">
<createdBy>sd</createdBy>
<createdTime>2024-09-09 23:55:35 UTC</createdTime>
<generatorID>6B12EF38-4E83-7BD4-ED3F-21F84CFCA8C3</generatorID>
<ownerDesignName>Exp2_S5_Grupo4..</ownerDesignName>
<referredTableLongName>Repuesto</referredTableLongName>
<deleteRule>NO ACTION</deleteRule>
<referredTableID>B73DE372-D8ED-C79F-B7C5-BBE977274871</referredTableID>
<keyObject>891969D3-9BD5-E812-CB4D-66EB321E8C52</keyObject>
<referredKeyID>891969D3-9BD5-E812-CB4D-66EB321E8C52</referredKeyID>
<mandatory>true</mandatory>
<refColNames>Id_repuesto</refColNames>
<transferable>true</transferable>
<rely>false</rely>
<columnDependencyConstraintGenerateInDDL>true</columnDependencyConstraintGenerateInDDL>
</FKIndexAssociation>