<?xml version = '1.0' encoding = 'UTF-8'?>
<FKIndexAssociation class="oracle.dbtools.crest.model.design.relational.FKIndexAssociation" directorySegmentName="seg_0" id="4D34DEF3-A63A-915E-0320-E1E04C00A318" containerWithKeyObject="45503632-378D-863B-6E48-997CA4CF4274" localFKIndex="E06A4FA0-F888-2760-EECF-1964885171A3" name="Relacion4_Servicio_FK">
<createdBy>sd</createdBy>
<createdTime>2024-09-09 23:55:35 UTC</createdTime>
<generatorID>F031C9F7-F509-2B48-D65C-DB66C5924B62</generatorID>
<ownerDesignName>Exp2_S5_Grupo4..</ownerDesignName>
<referredTableLongName>Servicio</referredTableLongName>
<deleteRule>NO ACTION</deleteRule>
<referredTableID>B6918C05-3BD1-03DA-91A7-9B8D3C0E2EBC</referredTableID>
<keyObject>94E19C0D-E3DE-88D7-E273-3A33A56165AF</keyObject>
<referredKeyID>94E19C0D-E3DE-88D7-E273-3A33A56165AF</referredKeyID>
<mandatory>true</mandatory>
<refColNames>Id_servicio</refColNames>
<transferable>true</transferable>
<rely>false</rely>
<columnDependencyConstraintGenerateInDDL>true</columnDependencyConstraintGenerateInDDL>
</FKIndexAssociation>