<?xml version = '1.0' encoding = 'UTF-8'?>
<FKIndexAssociation class="oracle.dbtools.crest.model.design.relational.FKIndexAssociation" directorySegmentName="seg_0" id="6A4F0F56-DB3F-33CD-8D09-85AEFACDA008" containerWithKeyObject="683FAB64-35EC-446D-6016-E0B203508782" localFKIndex="C555ED90-9758-106E-5532-30893F6B1981" name="Orden_de_atencion_Vehiculo_FK">
<createdBy>sd</createdBy>
<createdTime>2024-09-09 23:55:35 UTC</createdTime>
<generatorID>5DDBDB85-CC93-FD4B-4952-01CB349CB46D</generatorID>
<ownerDesignName>Exp2_S5_Grupo4..</ownerDesignName>
<referredTableLongName>Vehiculo</referredTableLongName>
<deleteRule>NO ACTION</deleteRule>
<referredTableID>E77B057A-060D-EBCA-6D88-A7FA6DDAE2C3</referredTableID>
<keyObject>20414F5E-E34A-681F-77E3-462E5CE0354F</keyObject>
<referredKeyID>20414F5E-E34A-681F-77E3-462E5CE0354F</referredKeyID>
<mandatory>true</mandatory>
<refColNames>patente</refColNames>
<transferable>true</transferable>
<rely>false</rely>
<columnDependencyConstraintGenerateInDDL>true</columnDependencyConstraintGenerateInDDL>
</FKIndexAssociation>