<?xml version = '1.0' encoding = 'UTF-8'?>
<FKIndexAssociation class="oracle.dbtools.crest.model.design.relational.FKIndexAssociation" directorySegmentName="seg_0" id="B6D1207D-D5E8-D48F-41DF-2C0F9A3FAA27" containerWithKeyObject="B6918C05-3BD1-03DA-91A7-9B8D3C0E2EBC" localFKIndex="7B26C48F-08A8-F058-F8A1-170C5B643F81" name="Servicio_Orden_de_atencion_FK">
<createdBy>sd</createdBy>
<createdTime>2024-09-09 23:55:35 UTC</createdTime>
<generatorID>0EDC30E3-FFB6-7124-0328-B9C7AFF460F2</generatorID>
<ownerDesignName>Exp2_S5_Grupo4..</ownerDesignName>
<referredTableLongName>Orden_de_atencion</referredTableLongName>
<deleteRule>NO ACTION</deleteRule>
<referredTableID>683FAB64-35EC-446D-6016-E0B203508782</referredTableID>
<keyObject>899D621A-6E8F-17BD-6523-7F1528D65FF9</keyObject>
<referredKeyID>899D621A-6E8F-17BD-6523-7F1528D65FF9</referredKeyID>
<mandatory>true</mandatory>
<refColNames>Id_orden</refColNames>
<transferable>true</transferable>
<rely>false</rely>
<columnDependencyConstraintGenerateInDDL>true</columnDependencyConstraintGenerateInDDL>
</FKIndexAssociation>