<?xml version = '1.0' encoding = 'UTF-8'?>
<FKIndexAssociation class="oracle.dbtools.crest.model.design.relational.FKIndexAssociation" directorySegmentName="seg_0" id="E596ED6D-0250-4D03-179A-221F5B1A0D9D" containerWithKeyObject="E77B057A-060D-EBCA-6D88-A7FA6DDAE2C3" localFKIndex="7671C3DF-83E9-1B5A-9F23-C81686FE566E" name="Vehiculo_Cliente_FK">
<createdBy>sd</createdBy>
<createdTime>2024-09-09 23:55:35 UTC</createdTime>
<generatorID>0C5155FE-E04B-4AA9-1B01-F1268C1CA455</generatorID>
<ownerDesignName>Exp2_S5_Grupo4..</ownerDesignName>
<referredTableLongName>Cliente</referredTableLongName>
<deleteRule>NO ACTION</deleteRule>
<referredTableID>5AF525CF-DC85-641D-AB1F-B8EE8B738B67</referredTableID>
<keyObject>322A04C3-25D0-33AE-8C55-56D2C630A104</keyObject>
<referredKeyID>322A04C3-25D0-33AE-8C55-56D2C630A104</referredKeyID>
<mandatory>true</mandatory>
<refColNames>Rut</refColNames>
<transferable>true</transferable>
<rely>false</rely>
<columnDependencyConstraintGenerateInDDL>true</columnDependencyConstraintGenerateInDDL>
</FKIndexAssociation>