<?xml version = '1.0' encoding = 'UTF-8'?>
<FKIndexAssociation class="oracle.dbtools.crest.model.design.relational.FKIndexAssociation" directorySegmentName="seg_0" id="F8137EFC-22E7-B62F-0BC4-03057FFF5D5E" containerWithKeyObject="3129E12D-00E6-BB56-21B4-915AC2F05530" localFKIndex="F07BD091-1026-08F7-EB4B-01F3FEDA2D69" name="Relacion5_Detalle_de_servicio_FK">
<createdBy>sd</createdBy>
<createdTime>2024-09-09 23:55:35 UTC</createdTime>
<generatorID>6B12EF38-4E83-7BD4-ED3F-21F84CFCA8C3</generatorID>
<ownerDesignName>Exp2_S5_Grupo4..</ownerDesignName>
<referredTableLongName>Detalle_de_servicio</referredTableLongName>
<deleteRule>NO ACTION</deleteRule>
<referredTableID>C7F32407-9EAC-63EC-C3DE-8D01CFE7ABF6</referredTableID>
<keyObject>1A26914A-AFB4-9B33-5099-C54E092CF738</keyObject>
<referredKeyID>1A26914A-AFB4-9B33-5099-C54E092CF738</referredKeyID>
<mandatory>true</mandatory>
<refColNames>Detalle_de_servicio_ID</refColNames>
<transferable>true</transferable>
<rely>false</rely>
<columnDependencyConstraintGenerateInDDL>true</columnDependencyConstraintGenerateInDDL>
</FKIndexAssociation>