<?xml version = '1.0' encoding = 'UTF-8'?>
<Relation class="oracle.dbtools.crest.model.design.logical.Relation" name="Relacion1" directorySegmentName="seg_0" id="0C5155FE-E04B-4AA9-1B01-F1268C1CA455">
<createdBy>sd</createdBy>
<createdTime>2024-09-09 23:51:12 UTC</createdTime>
<ownerDesignName>Exp2_S5_Grupo4..</ownerDesignName>
<engineerTo>
<item key="024B43A8-8E5E-0DBA-2151-6939F59CC228" value="true"/>
</engineerTo>
<sourcePk>AA5B58ED-3353-C0F2-C79F-0156B000F097</sourcePk>
<targetPk>F2F4CEEA-39E8-9239-994D-AE3D7A714032</targetPk>
<identifying>false</identifying>
<optionalSource>true</optionalSource>
<optionalTarget>false</optionalTarget>
<sourceCardinality>1</sourceCardinality>
<sourceEntity>275463B8-DD39-9681-3E95-08F8C9366868</sourceEntity>
<targetCardinalityString>*</targetCardinalityString>
<targetEntity>A3829F5C-EDDB-B6BD-C56E-B54C10D18407</targetEntity>
<transferable>true</transferable>
<deleteRule>NO ACTION</deleteRule>
</Relation>