<?xml version = '1.0' encoding = 'UTF-8'?>
<Relation class="oracle.dbtools.crest.model.design.logical.Relation" name="Relacion3" directorySegmentName="seg_0" id="0EDC30E3-FFB6-7124-0328-B9C7AFF460F2">
<createdBy>sd</createdBy>
<createdTime>2024-09-09 23:53:13 UTC</createdTime>
<ownerDesignName>Exp2_S5_Grupo4..</ownerDesignName>
<engineerTo>
<item key="024B43A8-8E5E-0DBA-2151-6939F59CC228" value="true"/>
</engineerTo>
<sourcePk>546D9CEF-CFC0-371F-8186-9CB1F1FBF6B8</sourcePk>
<targetPk>C034FD2D-FE26-8AFC-75FC-5ED0EFF762A7</targetPk>
<identifying>false</identifying>
<optionalSource>true</optionalSource>
<optionalTarget>false</optionalTarget>
<sourceCardinality>1</sourceCardinality>
<sourceEntity>E7290FB1-7267-3D10-A234-DDE593F9C865</sourceEntity>
<targetCardinalityString>*</targetCardinalityString>
<targetEntity>469C570A-C552-0A41-5CA9-56540A2882D4</targetEntity>
<transferable>true</transferable>
<deleteRule>NO ACTION</deleteRule>
</Relation>