<?xml version = '1.0' encoding = 'UTF-8'?>
<Relation class="oracle.dbtools.crest.model.design.logical.Relation" name="Relacion2" directorySegmentName="seg_0" id="5DDBDB85-CC93-FD4B-4952-01CB349CB46D">
<createdBy>sd</createdBy>
<createdTime>2024-09-09 23:52:31 UTC</createdTime>
<ownerDesignName>Exp2_S5_Grupo4..</ownerDesignName>
<engineerTo>
<item key="024B43A8-8E5E-0DBA-2151-6939F59CC228" value="true"/>
</engineerTo>
<sourcePk>F2F4CEEA-39E8-9239-994D-AE3D7A714032</sourcePk>
<targetPk>546D9CEF-CFC0-371F-8186-9CB1F1FBF6B8</targetPk>
<identifying>false</identifying>
<optionalSource>true</optionalSource>
<optionalTarget>false</optionalTarget>
<sourceCardinality>1</sourceCardinality>
<sourceEntity>A3829F5C-EDDB-B6BD-C56E-B54C10D18407</sourceEntity>
<targetCardinalityString>*</targetCardinalityString>
<targetEntity>E7290FB1-7267-3D10-A234-DDE593F9C865</targetEntity>
<transferable>true</transferable>
<deleteRule>NO ACTION</deleteRule>
</Relation>