<?xml version = '1.0' encoding = 'UTF-8'?>
<Relation class="oracle.dbtools.crest.model.design.logical.Relation" name="Relacion5" directorySegmentName="seg_0" id="6B12EF38-4E83-7BD4-ED3F-21F84CFCA8C3">
<createdBy>sd</createdBy>
<createdTime>2024-09-09 23:54:17 UTC</createdTime>
<ownerDesignName>Exp2_S5_Grupo4..</ownerDesignName>
<engineerTo>
<item key="024B43A8-8E5E-0DBA-2151-6939F59CC228" value="true"/>
</engineerTo>
<targetPk>795A05E1-5D4F-13D3-D518-301542C48860</targetPk>
<identifying>false</identifying>
<optionalSource>true</optionalSource>
<optionalTarget>false</optionalTarget>
<sourceCardinality>*</sourceCardinality>
<sourceEntity>71462510-AF64-04B3-B1F4-37B8C9FE479F</sourceEntity>
<targetCardinalityString>*</targetCardinalityString>
<targetEntity>A91AE80E-7DD2-3F1A-D681-BDC4035ACD81</targetEntity>
<transferable>true</transferable>
<deleteRule>NO ACTION</deleteRule>
</Relation>