<?xml version = '1.0' encoding = 'UTF-8'?>
<Relation class="oracle.dbtools.crest.model.design.logical.Relation" name="Relacion4" directorySegmentName="seg_0" id="F031C9F7-F509-2B48-D65C-DB66C5924B62">
<createdBy>sd</createdBy>
<createdTime>2024-09-09 23:53:44 UTC</createdTime>
<ownerDesignName>Exp2_S5_Grupo4..</ownerDesignName>
<engineerTo>
<item key="024B43A8-8E5E-0DBA-2151-6939F59CC228" value="true"/>
</engineerTo>
<targetPk>C034FD2D-FE26-8AFC-75FC-5ED0EFF762A7</targetPk>
<identifying>false</identifying>
<optionalSource>true</optionalSource>
<optionalTarget>false</optionalTarget>
<sourceCardinality>*</sourceCardinality>
<sourceEntity>71462510-AF64-04B3-B1F4-37B8C9FE479F</sourceEntity>
<targetCardinalityString>*</targetCardinalityString>
<targetEntity>469C570A-C552-0A41-5CA9-56540A2882D4</targetEntity>
<transferable>true</transferable>
<deleteRule>NO ACTION</deleteRule>
</Relation>