<?xml version = '1.0' encoding = 'UTF-8'?>
<Diagram class="oracle.dbtools.crest.swingui.relational.DPVRelational" name="Relational_1" id="135E9B62-8AEB-AB72-B124-40F97D79AE1D">
<createdBy>sd</createdBy>
<modifiedBy>sd</modifiedBy>
<createdTime>2024-09-09 23:55:35 UTC</createdTime>
<autoRoute>false</autoRoute>
<boxInbox>true</boxInbox>
<showLegend>false</showLegend>
<showLabels>false</showLabels>
<showRelAttributes>false</showRelAttributes>
<gridEnabled>false</gridEnabled>
<showGrid>false</showGrid>
<diagramColor>-1</diagramColor>
<display>false</display>
<notation>1</notation>
<objectViews>
<OView class="oracle.dbtools.crest.swingui.relational.TVTable" oid="3129E12D-00E6-BB56-21B4-915AC2F05530" otype="Table" vid="E3D335F9-33BF-1DBC-3C85-1A9D6B64B01B">
<hideElementsInCurrentOnly>false</hideElementsInCurrentOnly>
<bounds x="159" y="315" width="170" height="110"/>
</OView>
<OView class="oracle.dbtools.crest.swingui.relational.TVTable" oid="45503632-378D-863B-6E48-997CA4CF4274" otype="Table" vid="DC751E11-098E-642D-2F1E-1DBC26F3CCA2">
<hideElementsInCurrentOnly>false</hideElementsInCurrentOnly>
<bounds x="404" y="315" width="170" height="110"/>
</OView>
<OView class="oracle.dbtools.crest.swingui.relational.TVTable" oid="5AF525CF-DC85-641D-AB1F-B8EE8B738B67" otype="Table" vid="BBE9C400-596E-99A7-6624-6F8EE5217068">
<hideElementsInCurrentOnly>false</hideElementsInCurrentOnly>
<bounds x="23" y="10" width="118" height="97"/>
</OView>
<OView class="oracle.dbtools.crest.swingui.relational.TVTable" oid="683FAB64-35EC-446D-6016-E0B203508782" otype="Table" vid="8091A376-D8A8-49E7-528E-7E191AB929D4">
<hideElementsInCurrentOnly>false</hideElementsInCurrentOnly>
<bounds x="441" y="0" width="124" height="118"/>
</OView>
<OView class="oracle.dbtools.crest.swingui.relational.TVTable" oid="B6918C05-3BD1-03DA-91A7-9B8D3C0E2EBC" otype="Table" vid="A86C7938-D14E-0223-998F-5D5E640A6196">
<hideElementsInCurrentOnly>false</hideElementsInCurrentOnly>
<bounds x="473" y="164" width="103" height="96"/>
</OView>
<OView class="oracle.dbtools.crest.swingui.relational.TVTable" oid="B73DE372-D8ED-C79F-B7C5-BBE977274871" otype="Table" vid="6067E18B-7C24-0C40-B7E8-C57B9CCDC231">
<hideElementsInCurrentOnly>false</hideElementsInCurrentOnly>
<bounds x="11" y="129" width="120" height="87"/>
</OView>
<OView class="oracle.dbtools.crest.swingui.relational.TVTable" oid="C7F32407-9EAC-63EC-C3DE-8D01CFE7ABF6" otype="Table" vid="9A5F933F-4399-32A4-2F3C-971771DE8DE0">
<hideElementsInCurrentOnly>false</hideElementsInCurrentOnly>
<bounds x="213" y="134" width="122" height="117"/>
</OView>
<OView class="oracle.dbtools.crest.swingui.relational.TVTable" oid="E77B057A-060D-EBCA-6D88-A7FA6DDAE2C3" otype="Table" vid="D269C871-8F87-BB84-349A-60F879CF412C">
<hideElementsInCurrentOnly>false</hideElementsInCurrentOnly>
<bounds x="224" y="2" width="101" height="114"/>
</OView>
</objectViews>
<connectors>
<Connector class="oracle.dbtools.crest.swingui.relational.TVFKRelation" oid="0369BFB1-EBB4-B987-B487-4F7A59B292D7" otype="FKIndexAssociation" vid_source="9A5F933F-4399-32A4-2F3C-971771DE8DE0" vid_target="DC751E11-098E-642D-2F1E-1DBC26F3CCA2">
<hideElementsInCurrentOnly>false</hideElementsInCurrentOnly>
<backgroundColor>-16777216</backgroundColor>
<lineWidth>1</lineWidth>
<points>
<point x="335" y="242"/>
<point x="422" y="315"/>
</points>
</Connector>
<Connector class="oracle.dbtools.crest.swingui.relational.TVFKRelation" oid="23EDB2A7-30DA-96C8-7AD5-93A853146BA1" otype="FKIndexAssociation" vid_source="6067E18B-7C24-0C40-B7E8-C57B9CCDC231" vid_target="E3D335F9-33BF-1DBC-3C85-1A9D6B64B01B">
<hideElementsInCurrentOnly>false</hideElementsInCurrentOnly>
<backgroundColor>-16777216</backgroundColor>
<lineWidth>1</lineWidth>
<points>
<point x="109" y="216"/>
<point x="195" y="315"/>
</points>
</Connector>
<Connector class="oracle.dbtools.crest.swingui.relational.TVFKRelation" oid="4D34DEF3-A63A-915E-0320-E1E04C00A318" otype="FKIndexAssociation" vid_source="A86C7938-D14E-0223-998F-5D5E640A6196" vid_target="DC751E11-098E-642D-2F1E-1DBC26F3CCA2">
<hideElementsInCurrentOnly>false</hideElementsInCurrentOnly>
<backgroundColor>-16777216</backgroundColor>
<lineWidth>1</lineWidth>
<points>
<point x="523" y="260"/>
<point x="523" y="315"/>
</points>
</Connector>
<Connector class="oracle.dbtools.crest.swingui.relational.TVFKRelation" oid="6A4F0F56-DB3F-33CD-8D09-85AEFACDA008" otype="FKIndexAssociation" vid_source="D269C871-8F87-BB84-349A-60F879CF412C" vid_target="8091A376-D8A8-49E7-528E-7E191AB929D4">
<hideElementsInCurrentOnly>false</hideElementsInCurrentOnly>
<backgroundColor>-16777216</backgroundColor>
<lineWidth>1</lineWidth>
<points>
<point x="325" y="59"/>
<point x="441" y="59"/>
</points>
</Connector>
<Connector class="oracle.dbtools.crest.swingui.relational.TVFKRelation" oid="B6D1207D-D5E8-D48F-41DF-2C0F9A3FAA27" otype="FKIndexAssociation" vid_source="8091A376-D8A8-49E7-528E-7E191AB929D4" vid_target="A86C7938-D14E-0223-998F-5D5E640A6196">
<hideElementsInCurrentOnly>false</hideElementsInCurrentOnly>
<backgroundColor>-16777216</backgroundColor>
<lineWidth>1</lineWidth>
<points>
<point x="519" y="118"/>
<point x="519" y="164"/>
</points>
</Connector>
<Connector class="oracle.dbtools.crest.swingui.relational.TVFKRelation" oid="E596ED6D-0250-4D03-179A-221F5B1A0D9D" otype="FKIndexAssociation" vid_source="BBE9C400-596E-99A7-6624-6F8EE5217068" vid_target="D269C871-8F87-BB84-349A-60F879CF412C">
<hideElementsInCurrentOnly>false</hideElementsInCurrentOnly>
<backgroundColor>-16777216</backgroundColor>
<lineWidth>1</lineWidth>
<points>
<point x="141" y="58"/>
<point x="224" y="58"/>
</points>
</Connector>
<Connector class="oracle.dbtools.crest.swingui.relational.TVFKRelation" oid="F8137EFC-22E7-B62F-0BC4-03057FFF5D5E" otype="FKIndexAssociation" vid_source="9A5F933F-4399-32A4-2F3C-971771DE8DE0" vid_target="E3D335F9-33BF-1DBC-3C85-1A9D6B64B01B">
<hideElementsInCurrentOnly>false</hideElementsInCurrentOnly>
<backgroundColor>-16777216</backgroundColor>
<lineWidth>1</lineWidth>
<points>
<point x="271" y="251"/>
<point x="271" y="315"/>
</points>
</Connector>
</connectors>
</Diagram>